{
  "q_table": {
    "hard_0_0_0": {
      "strict": 2.623575949812958,
      "moderate": 7.849064455837328,
      "hint": 2.63625
    },
    "hard_1_1_0": {
      "strict": -0.1878402639346825,
      "moderate": -0.1356811002030997,
      "hint": -0.19488491012487724
    },
    "hard_2_1_0": {
      "strict": 0.5519380785625522,
      "moderate": 0.8121749835480467,
      "hint": -0.18438367857142837
    },
    "hard_3_1_0": {
      "strict": 2.960392355883404,
      "moderate": 1.1729759821428571,
      "hint": 0.8157285714285714
    },
    "hard_4_2_0": {
      "strict": -4.062946875,
      "moderate": -4.062946875,
      "hint": -3.2799375
    },
    "hard_5_2_0": {
      "strict": 0.0,
      "moderate": 0.0,
      "hint": 0.0
    },
    "medium_0_0_0": {
      "strict": 2.644329848856369,
      "moderate": 4.552225809574646,
      "hint": 8.702144539212137
    },
    "medium_1_2_0": {
      "strict": -0.33583128011698915,
      "moderate": -0.6067756642048983,
      "hint": -0.5034552755124516
    },
    "medium_2_3_0": {
      "strict": -2.971452876832001,
      "moderate": -2.6709578823977105,
      "hint": -2.4199899667171403
    },
    "medium_3_3_0": {
      "strict": -2.9516970243323435,
      "moderate": -4.031343788508321,
      "hint": -3.276293805429023
    },
    "medium_4_3_0": {
      "strict": -6.183830537167968,
      "moderate": -5.775094749609375,
      "hint": -5.775094749609375
    },
    "medium_5_3_0": {
      "strict": 0.0,
      "moderate": 0.0,
      "hint": 0.0
    },
    "easy_0_0_0": {
      "strict": 7.383426041147646,
      "moderate": 3.7067954554687503,
      "hint": 1.4467490625
    },
    "easy_1_1_0": {
      "strict": 0.12307223437500014,
      "moderate": 0.1587937500000001,
      "hint": 0.0
    },
    "easy_2_1_0": {
      "strict": -1.02456849375,
      "moderate": -0.9646874999999999,
      "hint": -0.69375
    },
    "easy_3_1_0": {
      "strict": -0.795305925,
      "moderate": -1.0962275362499998,
      "hint": -0.42021749999999997
    },
    "easy_4_1_0": {
      "strict": -3.2799375,
      "moderate": -2.3587499999999997,
      "hint": -3.2799375
    },
    "easy_5_1_0": {
      "strict": 0.0,
      "moderate": 0.0,
      "hint": 0.0
    },
    "hard_1_2_0": {
      "strict": 0.0,
      "moderate": 0.26289656249999904,
      "hint": 0.0
    },
    "hard_2_3_0": {
      "strict": -0.375,
      "moderate": -0.998678025,
      "hint": 0.0
    },
    "hard_3_3_0": {
      "strict": -0.622968,
      "moderate": -0.23852999999999996,
      "hint": -0.23852999999999996
    },
    "hard_4_3_0": {
      "strict": -1.275,
      "moderate": -2.3587499999999997,
      "hint": -1.275
    },
    "hard_5_3_0": {
      "strict": 0.0,
      "moderate": 0.0,
      "hint": 0.0
    },
    "easy_1_2_0": {
      "strict": 0.15879374999999926,
      "moderate": 0.029062499999999714,
      "hint": 0.0824999999999997
    },
    "easy_2_3_0": {
      "strict": -0.727740525,
      "moderate": -0.375,
      "hint": -0.727740525
    },
    "easy_3_3_0": {
      "strict": -0.622968,
      "moderate": -0.23852999999999996,
      "hint": -0.44128049999999996
    },
    "easy_4_3_0": {
      "strict": -2.3587499999999997,
      "moderate": -2.3587499999999997,
      "hint": -1.275
    },
    "easy_5_3_0": {
      "strict": 0.0,
      "moderate": 0.0,
      "hint": 0.0
    }
  },
  "episodes_trained": 59,
  "epsilon": 0.3481060019490814,
  "total_reward": -47.235800000000104
}